cust_num,cust_id,3-Yr_spend,2024,2023,2022,prodcode,sales_rep,territory,customer,address,city,state,postal,country,phone,fax,email,Latitude,Longitude,Corrected_Address
12,BAL001,"$4,854,739.30 ","$429,156.64 ","$1,431,266.54 ","$2,994,316.12 ",B10,sslack,TR01,ABB WESTVILLE,305 BALLMAN RD,WESTVILLE,OK,74965,USA,479-648-5791,479-648-5868,USRMMGPAYMENTREQUESTS@US.ABB.COM,35.9972678,-94.5671637,"305 Ballman Rd, Westville, OK 74965, USA"
240,BAL002,"$3,517,812.68 ","$19,670.00 ","$1,351,809.68 ","$2,146,333.00 ",TP,sslack,TR01,ABB-GAINESVILLE,4349 Avery Drive,Flowery Branch,GA,30542,USA,678-947-7229,678-947-7213,USRMMGPAYMENTREQUESTS@US.ABB.COM,34.2012617,-83.896954,"4349 Avery Dr, Flowery Branch, GA 30542, USA"
1347,WAR183,"$2,374,046.80 ","$678,551.88 ","$1,125,064.92 ","$570,430.00 ",TA,Mac Kern,TR10,WARN AUTOMOTIVE,13270 SE PHEASANT COURT,MILWAUKIE,OR,97222,USA,503-659-8750,,APAY@WARNAUTO.COM,45.4264851,-122.5889443,"13270 SE Pheasant Ct, Milwaukie, OR 97222, USA"
30,CLI001,"$1,569,997.63 ","$256,979.55 ","$654,038.20 ","$658,979.88 ",B10,JLundy,TR04,MOOG INC - MURPHY OPERATIONS,1995 NC HWY 141,MURPHY,NC,28906-6864,USA,828-837-5115,540-557-6417A/P,Moog_LN_US_invoicecapture@concursolutions.com,35.0951171,-83.9474674,"1995 NC-141, Murphy, NC 28906, USA"
139,MIC173,"$1,271,020.81 ","$350,258.47 ","$222,938.43 ","$697,823.91 ",B10,Mac Kern,TR10,MICROPUMP CORPORATION,1402 NE 136 AVE,VANCOUVER,WA,98684-8019,USA,360-253-2008,360-253-8294,mpvap@micropump.com,45.6339215,-122.5344586,"1402 NE 136th Ave, Vancouver, WA 98684, USA"
8,ASP001,"$1,221,966.40 ","$113,695.80 ","$146,365.00 ","$961,905.60 ",TP,JLundy,TR04,MOOG ASPEN - RADFORD,1120 WEST ROCK RD,RADFORD,VA,24141-3362,USA,540-552-3011,540-557-6575,ACCOUNTSPAYABLE@MCG.MOOG.COM,37.127668,-80.5129053,"1120 Rock Rd, Christiansburg, VA 24073, USA"
151,MTS001,"$1,064,166.95 ","$46,470.72 ","$436,256.48 ","$581,439.75 ",TP,Jlundy,TR04,TEMPOSONICS LLC,3001 SHELDON DRIVE,CARY,NC,27513,USA,919-677-2364,919-677-2303,Sensors.AP@temposonics.com,35.8148025,-78.8121871,"3001 Sheldon Dr, Cary, NC 27513, USA"
91,HEL001,"$523,000.00 ",$0.00 ,"$418,400.00 ","$104,600.00 ",TP,sslack,TR01,HELENA LABORATORIES CORP,1530 LINDBERGH DR,BEAUMONT,TX,77707,USA,409-842-3714,409-842-3094,ACCTPAYABLE@HELENA.COM,30.05829139999999,-94.1558694,"1530 Lindbergh Dr, Beaumont, TX 77707, USA"
67,ELE004,"$492,845.30 ","$110,730.40 ","$180,430.49 ","$201,684.41 ",B10,Jlundy,TR04,ELECTROCRAFT,250 MCCORMICK RD,GALLIPOLIS,OH,45631,USA,740-441-6200,740-441-6306,ECOHACCOUNTSPAYABLE@ELECTROCRAFT.COM,38.8392546,-82.2282468,"250 McCormick Rd, Gallipolis, OH 45631, USA"
113,KIM001,"$412,358.19 ",$0.00 ,"$12,455.04 ","$399,903.15 ",TP,sslack,TR01,KIMRAY INC.,52 N W 42ND STREET,OKLAHOMA CITY,OK,73118-8590,USA,405-525-6602,405/525-7520,AP@KIMRAY.COM,35.5134638,-97.5138542,"52 NW 42nd St, Oklahoma City, OK 73118, USA"
70,EMO001,"$406,675.05 ","$67,664.19 ","$102,265.87 ","$236,744.99 ",TP,sslack,TR01,ALLIED MOTION TULSA/EMOTEQ,11607 E 43rd Street North,TULSA,OK,74116,USA,918-627-1845,918-660-0207,jennifer.winton@allient.com,36.2175239,-95.8475635,"11607 E 43rd St N, Tulsa, OK 74116, USA"
128,MAG004,"$350,166.82 ","$64,266.35 ","$108,211.83 ","$177,688.64 ",B10,Mac Kern,TR10,MCE,2830 LOMITA BLVD,TORRANCE,CA,90505,USA,310-784-3172,310-784-3195,MCEACCOUNTING@MCEPRODUCTS.COM,33.8094478,-118.3379098,"2830 Lomita Blvd, Torrance, CA 90505, USA"
123,LOR001,"$339,922.38 ","$5,525.00 ","$225,527.50 ","$108,869.88 ",TP,JLundy,TR04,PARKER LORD CORPORATION,124 Grant St,Cambridge Springs,PA,16403,USA,814-868-0924,814-860-3962,ACCOUNTSPAYABLE@LORD.COM,41.805969,-80.062925,"124 Grant St, Cambridge Springs, PA 16403, USA"
2036,PST001,"$283,001.04 ",$0.00 ,"$283,001.04 ",$0.00 ,TP,sslack,TR01,MTI MOTION,S82 W 19275 APOLLO DRIVE,MUSKEGO,WI,53150-0427,USA,262-679-9000,,PSTACCOUNTING@SLMTI.COM,42.8965797,-88.1523207,"19275 Apollo Dr, Muskego, WI 53150, USA"
2000,MOO004,"$270,342.92 ","$70,410.88 ","$41,235.20 ","$158,696.84 ",TP,JLundy,TR04,MOOG CONTROLS CORP/PHIL. BRANCH,"Baguio City, Economic Zone",Baguio City,,2600,Philippines,447-3352-55,,ACCOUNTSPAYABLE@MOOG.COM,16.3749505,120.6293678,"9JFH+XPQ, Loakan Rd, Baguio, 2600 Benguet, Philippines"
3,APP002,"$268,624.83 ","$12,371.50 ","$58,890.05 ","$197,363.28 ",B10,Jlundy,TR04,APPLINETICS ENGINEERING LLC,"16704 150th Ave, Sute A",Spring Lake,MI,49456,USA,616-846-6133,616-846-6158,SCOTT@APPLINETICS.COM,43.0721369,-86.1591408,"16704 150th Ave a, Spring Lake, MI 49456, USA"
164,OTT001,"$249,579.53 ","$22,614.00 ","$102,719.50 ","$124,246.03 ",TP,sslack,TR01,OTTO,2 E MAIN ST,CARPENTERSVILLE,IL,60110,USA,847-428-7171,847-428-7189,ACCOUNTSPAYABLE@OTTOEXCELLENCE.COM,42.1092015,-88.2891452,"2 E Main St, Carpentersville, IL 60110, USA"
584,ABB125,"$242,073.41 ","$57,946.60 ","$58,749.40 ","$125,377.41 ",TPAV,sslack,TR01,ABB MEXICO S.A. de C.V.,PARQUE INDUSTRIAL LOGISTICO,SAN LUIS POTOSI,LA PILA,78395,Mexico,+52 444-870-8000,+52 444-870-8197,MX-SIS-invoices@abb.com,22.0345627,-100.8687639,"78426 La Pila, San Luis Potosi, Mexico"
196,SMI001,"$234,402.63 ",$0.00 ,"$85,342.63 ","$149,060.00 ",TP,Jlundy,TR04,ICU MEDICAL INC (OH),6250 SHIER RINGS RD,DUBLIN,OH,43016,USA,614-791-5484,,AP.INVOICES@ICUMED.COM,40.0971357,-83.1560223,"6250 Shier Rings Rd, Dublin, OH 43016, USA"
112,KEN001,"$219,144.40 ",$0.00 ,"$81,654.40 ","$137,490.00 ",TP,Jlundy,TR04,KENNEY MANUFACTURING CO.,1000 JEFFERSON BOULEVARD,WARWICK,RI,02886-2201,USA,401-681-2436,,ACCOUNTS-PAYABLE@KENNEY.COM,41.7216234,-71.4448537,"1000 Jefferson Blvd, Warwick, RI 02886, USA"
675,ANA114,"$186,672.27 ",$0.00 ,"$74,594.52 ","$112,077.75 ",TPAV,Jlundy,TR04,TTM TECHNOLOGIES (Syracuse),AEROSPACE & DEFENSE BU,EAST SYRACUSE,NY,13057,USA,315-432-0189,,APSyracuse@ttmtech.com,43.0653446,-76.0785332,"East Syracuse, NY 13057, USA"
2,AME005,"$151,417.42 ","$22,815.10 ","$55,055.92 ","$73,546.40 ",B10,Jlundy,TR04,AMETEK MIL AERO WOODSTOCK,55 HASBROUCK LANE,WOODSTOCK,NY,12498,USA,845-679-2401,845-679-1851,NY-WOO.PAYABLES@AMETEK.COM,42.0267434,-74.0991527,"55 Hasbrouck Ln, Woodstock, NY 12498, USA"
88,HAR006,"$143,862.53 ","$32,967.05 ","$61,402.87 ","$49,492.61 ",B10,Jlundy,TR04,HARTZELL ENGINE TECHNOLOGIES,2900 SELMA HIGHWAY,MONTGOMERY,AL,36108,USA,334-386-5400,334-386-5410,ap@hartzell.aero,32.3118637,-86.3630028,"2900 Selma Hwy, Montgomery, AL 36108, USA"
281,ELE163,"$138,534.70 ","$9,677.20 ","$96,869.50 ","$31,988.00 ",B10,sslack,TR01,ELECTROMECH TECHNOLOGIES,2600 S. CUSTER AVE,WICHITA,KS,67217,USA,316-941-0400,316-941-0422,APINVOICES@ELECTROMECH.COM/VSTOFER@ELECTROMECH.COM,37.6470712,-97.3764737,"2600 S Custer Ave, Wichita, KS 67217, USA"
159,NOR003,"$137,353.75 ","$33,743.19 ","$77,416.30 ","$26,194.26 ",TP,JLundy,TR04,MOOG INC - BLACKSBURG OPERATIONS,BLACKSBURG OPERATIONS,BLACKSBURG,VA,24060,USA,540-552-3011,540-953-4773,MCGACCOUNTSPAYABLE@MOOG.COM,37.229907,-80.418368,"Blacksburg, Blacksburg, VA 24061, USA"
143,MOO001,"$123,723.26 ",$629.50 ,"$35,827.00 ","$87,266.76 ",TP,Jlundy,TR04,MOOG INC - EAST AURORA,ACCOUNTS PAYABLE,EAST AURORA,NY,14052,USA,716-687-5582,716-687-4948,Accountspayable_icd@moog.com,42.7678376,-78.6133589,"East Aurora, NY 14052, USA"
1039,AUT173,"$121,709.22 ","$19,169.10 ","$50,627.31 ","$51,912.81 ",TP,Jlundy,TR04,PARKER HANNIFIN - ERIE,INSTRUMENTATION PRODUCTS DIVISION,ERIE,PA,16509,USA,814-860-5862,,PHIPDAPINV@PARKER.COM,42.1235726,-80.075206,"Division St, Erie, PA 16503, USA"
272,VCO100,"$110,785.90 ",$0.00 ,$0.00 ,"$110,785.90 ",TA,Jlundy,TR04,VCONVERTER CORPORATION,43700 Gen Mar,Novi,MI,48375,USA,,,accountspayable@vconverter.com,42.4742813,-83.4787293,"43700 Gen Mar, Novi, MI 48375, USA"
819,CLA105,"$100,956.00 ",$0.00 ,"$49,068.00 ","$51,888.00 ",TP,Jlundy,TR04,HOLLEY - CLASSIC INSTRUMENTS,826 MOLL DRIVE,BOYNE CITY,MI,49712,USA,800-575-0461,231-582-3114,lauraczaja@holley.com,45.1998323,-84.975176,"826 Moll Dr, Boyne City, MI 49712, USA"
1841,BOS001,"$100,827.56 ",$0.00 ,"$98,117.60 ","$2,709.96 ",TP,Jlundy,TR04,BOSTON DYNAMICS,200 Smith St,Waltham,MA,2451,USA,,,ACCOUNTSPAYABLE@BOSTONDYNAMICS.COM,42.418631,-71.253093,"200 Smith St (POST), Waltham, MA 02451, USA"
1428,KDF100,"$93,994.19 ","$13,807.61 ","$46,432.22 ","$33,754.36 ",TP,Jlundy,TR04,KDF TECHNOLOGIES LLC,10 VOLVO DR,ROCKLEIGH,NJ,7647,USA,201-784-5005,201-784-0202,Accounting@KDF.com,41.011836,-73.936158,"10 Volvo Dr, Rockleigh, NJ 07647, USA"
144,MOO002,"$80,936.00 ","$15,220.80 ","$15,220.80 ","$50,494.40 ",TPAV,Dlindstr,IH,MOOG CONTROLS (INDIA) PVT LTD,"#99&100P, KIADB INDL. AREA",BANGALORE,,560 100,India,91-80-28527323,91-80-8520586,KMANJULA@MOOG.COM,12.8385875,77.6800178,"KIADB, 34, Veerasandra Industrial Area, Phase 2, Electronic City, Bengaluru, Karnataka 560100, India"
618,KOL107,"$78,477.43 ",$0.00 ,"$2,399.10 ","$76,078.33 ",TP,Jlundy,TR04,Kollmorgen Corporation,501 W MAIN ST,RADFORD,VA,24141,USA,540 731 5625,,,37.13286,-80.578758,"501 W Main St, Radford, VA 24141, USA"
1974,XEN001,"$64,486.73 ",$830.00 ,"$18,575.00 ","$45,081.73 ",TP,JLundy,TR04,SENTECH INC,2425 Maryland Rd,Willow Grove,PA,19090,USA,,,ap@sentechsensors.com,40.159178,-75.1324776,"2425 Maryland Rd, Willow Grove, PA 19090, USA"
173,POR002,"$56,913.39 ",$0.00 ,"$20,100.00 ","$36,813.39 ",TP,Jlundy,TR04,AMERICAN PRECISION INDUSTRIES (PORTESCAP),110 WESTTOWN ROAD,WEST CHESTER,PA,19382,USA,610-235-5495,610-696-4053,,39.9637105,-75.5916015,"110 Westtown Rd, West Chester, PA 19382, USA"
149,MPC002,"$50,881.53 ","$4,011.34 ","$12,105.15 ","$34,765.04 ",B10,sslack,TR01,WOODWARD MPC,6300 HOWARD ST,NILES,IL,60714,USA,847-673-8300,847-647-6573,NILES.APINVOICE@WOODWARD.COM,42.0194096,-87.7844503,"6300 Howard St, Niles, IL 60714, USA"
403,DRS100,"$50,362.20 ","$4,095.00 ",$0.00 ,"$46,267.20 ",TP,Jlundy,TR04,"DRS Power Technology, Inc.",166 Boulder Drive,Fitchburg,MA,1420,USA,978-353-5234,,AP-PTI@DRS.COM,42.5823239,-71.8017473,"166 Boulder Dr, Fitchburg, MA 01420, USA"
83,GRA002,"$43,250.00 ",$0.00 ,"$43,250.00 ",$0.00 ,TP,Jlundy,TR04,"GRACE MEDICAL, INC",8500 WOLF LAKE DR,MEMPHIS,TN,38184,USA,901-386-0990,901-386-0950,GMAP@GRACEMEDICAL.COM,35.2087228,-89.7797106,"8500 Wolf Lake Dr, Bartlett, TN 38133, USA"
1326,THE002,"$40,230.00 ","$10,020.00 ","$14,380.00 ","$15,830.00 ",TP,sslack,TR01,THE ANTENNA SOURCE,708 N 6th Street,Manitowoc,WI,54220,USA,920-686-0644,,theantennasource@gmail.com,44.1008593,-87.6552132,"708 N 6th St, Manitowoc, WI 54220, USA"
608,WOO184,"$37,708.00 ",$0.00 ,"$24,500.00 ","$13,208.00 ",TP,Mac Kern,TR10,WOODWARD INC,1081 WOODWARD WAY,FT. COLLINS,CO,80524,USA,970-482-5811,,COLORADO.APINVOICE@WOODWARD.COM,40.585543,-105.058005,"1081 Woodward Wy, Fort Collins, CO 80524, USA"
168,PAR002,"$35,960.19 ","$25,453.68 ","$3,621.51 ","$6,885.00 ",B10,JLundy,TR04,PARKER PLYMOUTH,Parker Hannifin Cylinder Division,Plymouth,MI,48170,USA,,,,42.380527,-83.4613278,"Division St, Plymouth, MI 48170, USA"
235,DUR001,"$33,419.88 ",$0.00 ,"$33,419.88 ",$0.00 ,TA,Dlindstr,IH,DURA AUTOMOTIVE B&G SYSTEMS UK LTD,CASTLE BROMWICH BUSINESS PARK,BIRMINGHAM,,B35 7AG,United Kingdom,734.946.3400 EXT 230,734.947.9599,AccountsPayableBIR@duraauto.com,52.5105938,-1.7918558,"Birmingham B35 7AG, UK"
40,DEX001,"$28,069.20 ",$0.00 ,"$28,069.20 ",$0.00 ,TP,sslack,TR01,"DEXTER MAGNETIC TECHNOLOGIES, INC",801 Innovation Dr,ELK GROVE VILLAGE,IL,60007,USA,847-956-1140,847-956-8205,ACCOUNTING@DEXTERMAG.COM,42.0257094,-87.9748081,"801 Innovation Dr, Elk Grove Village, IL 60007, USA"
1969,SPE001,"$25,824.75 ",$0.00 ,"$1,521.50 ","$24,303.25 ",TP,Jlundy,TR04,SPECIALTY COATING SYSTEMS,7645 Woodland Dr,Indianapolis,IN,46278,USA,,,SCSAPUS@SCSCOATINGS.COM,39.89201449999999,-86.263889,"7645 Woodland Dr, Indianapolis, IN 46278, USA"
85,GWL001,"$24,305.00 ","$9,085.00 ","$7,885.00 ","$7,335.00 ",TP,Jlundy,TR04,GW LISK,2 SOUTH STREET,CLIFTON SPRINGS,NY,14432,USA,315-462-2611,,INVOICES@GWLISK.COM,42.9575959,-77.1346845,"2 South St, Clifton Springs, NY 14432, USA"
1624,SUP240,"$22,095.26 ","$5,280.00 ","$7,799.26 ","$9,016.00 ",TP,Jlundy,TR04,SUPERIOR TIRE & RUBBER CORP,40 Scientific Rd,WARREN,PA.,16365,USA,,,KWENZEL@SUPERIORTIRE.COM,41.8389967,-79.1807387,"40 Scientific Rd, Warren, PA 16365, USA"
192,SEN004,"$20,934.43 ","$6,333.00 ","$7,472.43 ","$7,129.00 ",INJ,Jlundy,TR04,SENSUS METERING SYSTEMS,805 LIBERTY BLVD,DUBOIS,PA,15801,USA,855-278-2248,,XYLEMINVOICES@COGNIZANT.COM,41.12622,-78.757868,"805 Liberty Blvd, DuBois, PA 15801, USA"
1,AME002,"$19,988.79 ",$0.00 ,"$13,269.87 ","$6,718.92 ",B10,Jlundy,TR04,AMETEK TECHNICAL MOTOR,100 E. ERIE ST,KENT,OH,44240,USA,336-449-3443,336-449-3405,ametek.accountspayable@AMETEK.COM,41.1523752,-81.3578151,"100 E Erie St, Kent, OH 44240, USA"
1669,VAL002,"$19,684.60 ","$6,191.10 ","$2,302.92 ","$11,190.58 ",TP,Jlundy,TR04,VALCOR ENGINEERING CORP,2 Lawrence Rd,Springfield,NJ,7081,USA,,,AccountsPayable@valcor.com,40.6836254,-74.3229497,"2 Lawrence Rd, Springfield, NJ 07081, USA"
104,ION001,"$18,486.21 ",$0.00 ,"$10,821.50 ","$7,664.71 ",TP,Jlundy,TR04,"IONBOND, LLC",1823 E WHITCOMB,MADISON HEIGHTS,MI,48071,USA,248-398-9100,248-398-2110,AP@ionbond.com,42.5260842,-83.0885096,"1823 E Whitcomb Ave, Madison Heights, MI 48071, USA"
36,CUR001,"$18,189.81 ","$4,642.50 ","$4,302.55 ","$9,244.76 ",TP,Mac Kern,TR10,CURTISS WRIGHT CONTROLS INTEGRATED SENSING INC,1150 N FIESTA BLVD,GILBERT,AZ,85233,USA,949-271-7500,,cwright.nogales@metasource.com,33.3673496,-111.8350134,"Parking lot, 1150 N Fiesta Blvd, Gilbert, AZ 85233, USA"
1811,STE002,"$17,624.99 ","$3,011.00 ","$7,954.00 ","$6,659.99 ",TP,JLundy,TR04,"STERLING INDUSTRIES, LTD",295 Connie Cresent,,,L4K5R2,Canada,905-864-6657,,APLTD@STERLINGINDUSTRIES.COM,43.8197804,-79.4820772,"295 Connie Crescent, Concord, ON L4K 5R2, Canada"
464,YEA103,"$17,263.60 ",$0.00 ,$477.60 ,"$16,786.00 ",TA,Jlundy,TR04,YEADON ENERGY SYSTEMS INC,514 WEST MAPLE ST,IRON RIVER,MI,49935,USA,906-265-7937,,ACCOUNTING@YEADONINC.COM,46.09083220000001,-88.6442707,"514 W Maple St, Iron River, MI 49935, USA"
195,SKF001,"$16,219.28 ","$3,572.80 ","$5,206.08 ","$7,440.40 ",B10,Jlundy,TR04,EWELLIX USA LLC.,69900 POWELL RD,ARMADA,MI,48005,USA,586-752-0060,586-752-0755,NAAP@EWELLIX.COM,42.8117318,-82.978419,"69900 Powell Rd, Armada, MI 48005, USA"
52,AGI001,"$15,952.39 ","$5,155.80 ","$5,162.99 ","$5,633.60 ",TP,Dlindstr,IH,AGILENT TECHNOLOGIES SINGAPORE (INT'L) PTE LTD,"NO 1, YISHUN AVE 7, SINGAPORE 768923",BAYAN LEPAS FREE INDUSTRIAL ZONE,11900 BAYAN LEPAS,PENANG,Malaysia,+65 6377 1688,+65 6822 8614,SGPINVOICE_SCAN@AGILENT.COM,5.308987,100.2832409,"Bayan Lepas Free Industrial Zone, 11900 Bayan Lepas, Penang, Malaysia"
2008,LIG001,"$13,312.50 ",$0.00 ,"$2,400.00 ","$10,912.50 ",TP,Mac Kern,TR10,LIGHTDECK DIAGNOSTICS,1844 Nelson Rd,Longmont,CO,80501,USA,,,Payables@LightDeckdx.com,40.15377489999999,-105.1240976,"1844 Nelson Rd, Longmont, CO 80501, USA"
1139,EPI114,"$12,948.75 ","$5,495.00 ","$3,918.75 ","$3,535.00 ",TP,Mac Kern,TR10,EPIC AIRCRAFT,22590 NELSON RD,BEND,OR,97701,USA,541-727-4253,,AP@Epicaircraft.com,44.093539,-121.1947658,"22590 Nelson Rd, Bend, OR 97701, USA"
199,STA001,"$11,750.00 ",$0.00 ,$0.00 ,"$11,750.00 ",TP,Jlundy,TR04,STANDARD MOTOR PRODUCTS,5150 PELHAM RD,GREENVILLE,SC,29615,USA,620 331 1000,620-331-2351,shuffman@SMPCORP.COM,34.8547611,-82.2517091,"5150 Pelham Rd, Greenville, SC 29615, USA"
44,DOR001,"$10,936.59 ",$0.00 ,$0.00 ,"$10,936.59 ",TP,sslack,TR01,Zimmer Biomet Surgical-Riverside,200 NW Parkway,RIVERSIDE,MO,64150,USA,816-595-4407,816-505-1050,APINVOICES@ZIMMERBIOMET.COM,39.171996,-94.6292198,"200 NW Parkway Dr, Riverside, MO 64150, USA"
270,HSM100,"$10,873.10 ",$0.00 ,"$2,791.25 ","$8,081.85 ",TP,sslack,TR01,H&S MANUFACTURING,PO BOX 1515,ROWLETT,TX,75030,USA,972-475-4747,972-475-6155,APHS@HSMFG.COM,32.9053964,-96.5709471,"Rowlett, TX 75030, USA"
705,TDV100,"$10,862.00 ","$2,870.00 ","$3,996.00 ","$3,996.00 ",TP,sslack,TR01,TdVib LLC,2121 INDUSTRIAL PARK ROAD,BOONE,IA,50036,USA,515-296-8030,,DAN.BINA@TDVIB.COM,42.0643349,-93.8569698,"2121 Industrial Park Rd, Boone, IA 50036, USA"
160,NOV001,"$10,435.46 ","$2,358.51 ","$2,867.50 ","$5,209.45 ",TP,JLundy,TR04,NOVATRONICS INC,DBA CURTISS WRIGHT SENSORS & CONTROLS,Stratford,ON,NA6S4,Canada,519-271-3880,519-271-2994,cwright.stratford@curtisswright.com,43.3524584,-80.996342,"789 Erie St, Stratford, ON N4Z 1A1, Canada"
1321,STA002,"$9,273.75 ",$0.00 ,$0.00 ,"$9,273.75 ",TP,Jlundy,TR04,STANDARD MOTOR PRODUCTS,37-18 NORTHERN BLVD,LONG ISLAND,NY,11101,USA,864-297-1700,864-297-9156,pjohnson@smpcorp.com,40.7519244,-73.9254192,"37-18 Northern Blvd, Long Island City, NY 11101, USA"
395,JOR103,"$9,144.80 ","$1,950.00 ","$3,950.00 ","$3,244.80 ",TP,sslack,TR01,Joral LLC,926 Perkins Drive,Mukwonago,WI,53149,USA,262-378-5500,262-378-5421,AP@GSGR.COM,42.864824,-88.3135169,"926 Perkins Dr, Mukwonago, WI 53149, USA"
1721,COM004,"$9,035.84 ",$0.00 ,"$8,583.20 ",$452.64 ,TP,Jlundy,TR04,COMPOSIDIE INC,1295 Route 380 West,Apollo,PA,15613-9658,USA,724-727-3466,724-727-3788,SSLAGLE@COMPOSIDIE.COM,40.5330142,-79.6173173,"1295 PA-380, Apollo, PA 15613, USA"
1303,EVE149,"$8,841.00 ",$0.00 ,$0.00 ,"$8,841.00 ",TP,sslack,TR01,CORVION INC,16969 N Texas Ave,Webster,TX,77598,USA,281-636-1217,,greg.aber@corvion.com,29.54294,-95.1319791,"16969 N Texas Ave, Webster, TX 77598, USA"
1185,AGU001,"$8,799.00 ",$0.00 ,$0.00 ,"$8,799.00 ",TP,Jlundy,TR04,AGUILAR MUSICAL INSTRUMENTS LLC,316 South Service Rd,Melville,NY,11747,USA,212-431-9109,,FINANCE@AGUILARAMP.COM,40.7786199,-73.4168563,"316 S Service Rd, Melville, NY 11747, USA"
223,UTC001,"$8,740.00 ",$0.00 ,$460.00 ,"$8,280.00 ",TP,Mac Kern,TR10,KIDDE FIRE PROTECTION US ENTITY UO,13995 Pasteur Blvd,Palm Beach Gardens,FL,33418,USA,207-487-2151,,KFP.US.Invoices@accenture.com,26.8819354,-80.1252836,"13995 Pasteur Blvd, Palm Beach Gardens, FL 33418, USA"
1265,KEI139,"$8,118.00 ",$0.00 ,"$8,118.00 ",$0.00 ,TP,Mac Kern,TR10,KEISER CORP,2470 S CHERRY AVE,FRESNO,CA,93706,USA,(559) 256-8000,,Payables@Keiser.com,36.7117834,-119.7822646,"2470 S Cherry Ave, Fresno, CA 93706, USA"
2038,IND002,"$7,931.55 ",$0.00 ,$0.00 ,"$7,931.55 ",TP,Jlundy,TR04,INDIGO TECHNOLOGIES,73 Holton St,Woburn,MA,1801,USA,,,AP@INDIGOTECH.COM,42.4710922,-71.1333659,"73 Holton St, Woburn, MA 01801, USA"
32,COM001,"$6,578.80 ",$700.00 ,"$1,400.00 ","$4,478.80 ",TP,Jlundy,TR04,ITT ENIDINE,105 COMMERCE WAY,WESTMINSTER,SC,29693,USA,864-647-9521,864-647-9574,p2pcommercial.invoice@itt.com,34.6573148,-83.040417,"105 Commerce Way, Westminster, SC 29693, USA"
56,DUR010,"$6,063.75 ",$0.00 ,$0.00 ,"$6,063.75 ",B10,Dlindstr,IH,DURA AUTO SYSTEMS PVT LTD,"GAT NO 376 & 377/1, SATAV",PUNE,,410501,India,+91 2135669817,,,18.750621,73.87719009999999,"Chakan, Maharashtra 410501, India"
911,MAR256,"$5,986.71 ","$1,167.00 ","$4,819.71 ",$0.00 ,B10,Jlundy,TR04,"MAROTTA CONTROLS, INC",78 BOONTON AVE,MONTVILLE,NJ,7045,USA,973-334-7800,973-334-1219,maguirre@marotta.com,40.9399863,-74.3944836,"78 Boonton Ave, Boonton, NJ 07005, USA"
6,ASG001,"$5,432.00 ",$0.00 ,"$3,492.00 ","$1,940.00 ",INJ,Jlundy,TR04,"ASG, DIVISION OF JERGENS, INC",15700 S WATERLOO RD,CLEVELAND,OH,44110,USA,216-486-6163,216-481-4519,PURCHASING@ASG-JERGENS.COM,41.5680005,-81.5706163,"15700 S Waterloo Rd, Cleveland, OH 44110, USA"
1996,FRA002,"$5,291.00 ","$2,886.00 ","$2,405.00 ",$0.00 ,TP,sslack,TR01,FRANCIS MEDICAL,7351 Kirkwood Lane N,Maple Grove,MN,55369,USA,,,accounting@francismedical.com,45.0885072,-93.4355183,"7351 Kirkwood Ln N, Maple Grove, MN 55369, USA"
1324,MYA001,"$4,663.25 ",$0.00 ,$0.00 ,"$4,663.25 ",TP,Jlundy,TR04,MYANT INC,200 Ronson Drive,Etobicoke,ONTARIO,M9W1B6,Canada,416-696-2818,416-423-0921,AP@MYANT.CA,43.69399809999999,-79.56955,"200 Ronson Dr, Etobicoke, ON M9W 5Z9, Canada"
391,ECI101,"$4,560.78 ",$0.00 ,"$2,076.78 ","$2,484.00 ",TP,Jlundy,TR04,E-Circuit Motors,10 Charles St,Needham,MA,2494,USA,978-436-1993,,VDavis@pcbstator.com,42.3067667,-71.2229881,"10 Charles St, Needham, MA 02494, USA"
93,HIS001,"$4,100.00 ",$0.00 ,$0.00 ,"$4,100.00 ",TP,Jlundy,TR04,STONERIDGE,"CONTROL DEVICES, LEXINGTON DIVISION",LEXINGTON,OH,44904-9215,USA,419-884-1219,419-884-4196,MISSY.SMITH@STONERIDGE.COM/APLEX@STONERIDGE.COM,40.67291,-82.5868452,"103 Clever Ln, Lexington, OH 44904, USA"
286,LIT113,"$3,950.00 ",$0.00 ,$0.00 ,"$3,950.00 ",TP,Dlindstr,IH,LITTELFUSE FAR EAST PTE LTD 82,41 Science Park Road #03-17 The Gemini,,,117610,Singapore,773-628-1000,,ACCOUNTSPAYABLEUS@LITTELFUSE.COM,1.288695,103.782857,"41 Science Park Rd, #03-17 The Gemini, Singapore 117610"
188,SCA001,"$3,697.84 ",$0.00 ,"$2,176.24 ","$1,521.60 ",B10,Mac Kern,TR10,SCALE AUTO DISTRIBUTING,20411 12TH ST E.,LAKE TAPPS,WA,98391-6228,USA,253-862-2778,,GBEEDLE@NWLINK.COM,47.247972,-122.157271,"20411 12th St E, Lake Tapps, WA 98391, USA"
84,GRO001,"$3,135.03 ",$0.00 ,"$1,685.03 ","$1,450.00 ",INJ,sslack,TR01,GROSCHOPP,420 15TH  STREET NE,SIOUX CENTER,IA,51250,USA,712-722-4135,712-722-1445,AP@Groschopp.com,43.0943991,-96.1723834,"420 15th St NE, Sioux Center, IA 51250, USA"
276,STA215,"$3,124.00 ",$960.00 ,$504.00 ,"$1,660.00 ",TP,Jlundy,TR04,STAR MANUFACTURING INT. INC.,265 HOBSON STREET,SMITHVILLE,TN,37166,USA,314-781-2777,314-781-5445,APINVOICES@STARHOLDINGSGRP.COM,35.9875921,-85.8080699,"265 Hobson St, Smithville, TN 37166, USA"
1850,KOH002,"$2,971.20 ",$450.00 ,$0.00 ,"$2,521.20 ",TP,sslack,TR01,REHLKO,N7650 County Rd LS,Sheboygan,WI,53083,USA,,,,43.8179538,-87.7433274,"N7650 County Rd LS, Sheboygan, WI 53083, USA"
1250,FRA198,"$2,880.00 ",$0.00 ,$0.00 ,"$2,880.00 ",TP,Jlundy,TR04,FRANKLIN ELECTRIC LATIN AMERICA BV,DUTCH FILE NUMBER 52227936,FT. WAYNE,IN,46809,USA,011 52 821-214-0300,011 52 821-212-8971,FEAP@FELE.COM,41.0005907,-85.2101269,"Fort Wayne, IN 46809, USA"
1446,JLM104,"$2,829.25 ",$471.25 ,$920.00 ,"$1,438.00 ",TP,Jlundy,TR04,JL MARINE SYSTEMS INC,9010 PALM RIVER RD,TAMPA,FL,33619,USA,813-376-6895,,hcoulter@power-pole.com,27.9412508,-82.3558627,"9010 Palm River Rd, Tampa, FL 33619, USA"
1737,CHA002,"$2,813.00 ",$725.00 ,$696.00 ,"$1,392.00 ",TP,Jlundy,TR04,CHARLES RIVER LABORATORIES,Accounts Payable,Willimington,MA,01887-1096,USA,,,AP_US_INVOICES@crl.com,42.5682996,-71.1567344,"Wilmington, MA 01887, USA"
57,DYN002,"$2,662.00 ",$726.00 ,$726.00 ,"$1,210.00 ",TP,Jlundy,TR04,"DYNEX TECHNOLOGIES, INC",14340 SULLYFIELD CIRCLE,CHANTILLY,VA,20151,USA,703-803-1271,703-631-7833,ACCOUNTSPAYABLE@DYNEX.COM,38.8905863,-77.4406789,"14340 Sullyfield Cir, Chantilly, VA 20151, USA"
202,SUB001,"$2,542.50 ",$0.00 ,$0.00 ,"$2,542.50 ",TP,sslack,TR01,THE CHARLES MACHINE WORKS INC,ACCOUNTS PAYABLE,PERRY,OK,73077,USA,580-572-2821,580-572-3505,INVOICE@CHARLESMACHINEWORKS.COM,36.2894855,-97.2880983,"Perry, OK 73077, USA"
1882,EVO001,"$1,988.25 ",$0.00 ,$0.00 ,"$1,988.25 ",TP,sslack,TR01,EVOLVE HEALTH & PERFORMANCE,139 East Saint Elmo Rd,Austin,TX,78745,USA,410-370-1549,,info@evolvehp.life,30.2165649,-97.7659292,"139 E St Elmo Rd, Austin, TX 78745, USA"
2039,DAV002,"$1,935.14 ",$0.00 ,"$1,935.14 ",$0.00 ,TP,Jlundy,TR04,DAVI AUDIO INC,1533 Lobelia Drive,Lake Mary,FL,32746,USA,,,kloe@daviaudio.com,28.76365599999999,-81.342507,"1533 Lobelia Dr, Lake Mary, FL 32746, USA"
1158,ALL002,"$1,925.00 ","$1,925.00 ",$0.00 ,$0.00 ,TP,JLundy,TR04,ALLIED MOTION DOTHAN,3887 NAPIER FIELD RD,DOTHAN,AL,36303,USA,334-983-3542,,INVOICE.DAY@ALLIEDMOTION.COM,31.2821489,-85.4484987,"3887 Napier Field Rd, Dothan, AL 36303, USA"
1818,NYX001,"$1,780.00 ",$620.00 ,$0.00 ,"$1,160.00 ",TP,Dlindstr,IH,NYXOAH SA,Rue Edouard Belin 12,Belgium,,,Belgium,972-3-7716955,,ILFINANCE@NYXOAH.COM,50.6584831,4.6282928,"Rue Edouard Belin 12, 1435 Mont-Saint-Guibert, Belgium"
1351,NOL001,"$1,752.00 ",$0.00 ,"$1,752.00 ",$0.00 ,TP,Jlundy,TR04,THE NOLAN COMPANY,1016 NINTH STREET SW,CANTON,OH,44707,USA,330-453-7922,330-453-7449,AP@EVERHARD.COM,40.7922862,-81.3854119,"1016 9th St SW, Canton, OH 44707, USA"
275,COI108,"$1,561.56 ","$1,561.56 ",$0.00 ,$0.00 ,INJ,sslack,TR01,COIN ACCEPTORS INC,ACCOUNTS PAYABLE,ST LOUIS,MO,63124,USA,314-725-0600,314-725-1234,LCONNER@COINCO.COM,38.6418687,-90.3842527,"St. Louis, MO 63124, USA"
205,SUP001,"$1,512.22 ",$0.00 ,$0.00 ,"$1,512.22 ",TP,Dlindstr,IH,SUPER TECHNOLOGIES,PLOT NO. 84,SECUNDERABAD,TELANGANA,500 009,India,+91-40-2775 5249,,ACCOUNTS@SUPERTECHNOLOGIES.NET,17.4477295,78.5157181,"84, Road, Street Number 8, opp. to St Francis school, Trimoorthy Colony, Mahendra Hills, East Marredpally, Secunderabad, Telangana 500026, India"
415,OAK126,"$1,425.00 ",$0.00 ,$0.00 ,"$1,425.00 ",MISC,Jlundy,TR04,OAK RIDGE NATIONAL LABORATORY,PO BOX 2008,Oak Ridge,TN,37381,USA,865 946 1860,,hillam@ornl.gov,35.6974597,-84.8776392,"WATTS BAR DAM, TN 37381, USA"
105,IRI001,"$1,407.00 ",$630.00 ,$0.00 ,$777.00 ,TP,Jlundy,TR04,IRIS POWER,3110 AMERICAN DRIVE,MISSISSUAGA,ON,L4V 1T2,Canada,905-677-4824,905-677-8498,accountspayable.canada@qualitrolcorp.com,43.6908723,-79.6189673,"3110 American Dr, Mississauga, ON L4V 1T2, Canada"
115,KIS001,"$1,398.00 ",$0.00 ,$699.00 ,$699.00 ,TP,Jlundy,TR04,KISTLER INSTRUMENT CORP,75 JOHN GLENN DR,AMHERST,NY,14228,USA,716-213-5740,716-691-2704,KIC.PAYABLES@KISTLER.COM,43.0319998,-78.807509,"75 John Glenn Dr, Buffalo, NY 14228, USA"
877,WEL142,"$1,380.00 ",$0.00 ,$460.00 ,$920.00 ,TP,sslack,TR01,WELLS VEHICLE ELECTRONICS,385 W. ROLLING MEADOWS DR,FOND DU LAC,WI,54936,USA,(920) 926-6621,,accountspayable@WELLSVE.COM,43.7510928,-88.4689239,"385 W Rolling Meadows Dr, Fond du Lac, WI 54937, USA"
236,MAG006,"$1,306.20 ",$991.20 ,$315.00 ,$0.00 ,TPAV,Dlindstr,IH,BUNTING MAGNETICS EUROPE LTD,NORTHBRIDGE ROAD,BERKHAMSTED HERTFORDSHIRE,,HP41EH,United Kingdom,1.14414E+13,1.14414E+13,,51.76830349999999,-0.58083,"Northbridge Road, Berkhamsted HP4 1EH, UK"
1355,SLM103,"$1,055.22 ",$0.00 ,"$1,055.22 ",$0.00 ,TP,sslack,TR01,SL MONTEVIDEO TECH INC,8201 109TH ST,PLEASANT PRAIRIE,WI,53158,USA,262-947-2220,262-947-2221,judy.harsch@mtimotion.com,42.5164336,-87.9057768,"8201 109th St, Pleasant Prairie, WI 53158, USA"
9,ASS001,$970.05 ,$0.00 ,$549.55 ,$420.50 ,TP,Jlundy,TR04,ASSOCIATED SOLUTIONS,5905 DECATUR BLVD,INDIANAPOLIS,IN,46241,USA,,,AMHI_Invoicecapture@concursolutions.com,39.67725739999999,-86.2990844,"5905 Decatur Blvd, Indianapolis, IN 46241, USA"
185,ROH001,$962.50 ,$481.25 ,$0.00 ,$481.25 ,TP,Mac Kern,TR10,COSASCO SYSTEMS INC,11841 SMITH AVENUE,SANTA FE SPRINGS,CA,90670,USA,562-949-0123,562-949-3065,APTeam@cosasco.com,33.9497757,-118.0773344,"11841 Smith Ave, Santa Fe Springs, CA 90670, USA"
122,LOG001,$870.00 ,$0.00 ,$0.00 ,$870.00 ,TP,Jlundy,TR04,LOGUS MFG CORP,1711 LONGWOOD RD,WEST PALM BEACH,FL,33409,USA,561-842-3550,561-842-2196,,26.697824,-80.0768843,"1711 Longwood Rd, West Palm Beach, FL 33409, USA"
204,SUN002,$480.69 ,$0.00 ,$0.00 ,$480.69 ,TP,Jlundy,TR04,SUNRISE DRILLING SUPPLY INC.,P.O. BOX 21,SYKESVILLE,PA,15865,USA,814-894-5005,814-894-7978,suzannehaag@sunrisedrillingsupply.com,41.0504203,-78.8224251,"Sykesville, PA 15865, USA"
1557,RON129,$468.75 ,$468.75 ,$0.00 ,$0.00 ,TP,Jlundy,TR04,"RON GLOSSER, INC.",1545 EAST END ROAD,SHIPPENVILLE,PENNSYLVANIA,16254,USA,814-226-4264,,,41.1900523,-79.4596223,"1545 East End Rd, Shippenville, PA 16254, USA"
1460,ONS001,$455.00 ,$455.00 ,$0.00 ,$0.00 ,TP,Jlundy,TR04,Onset Computer,470 MacArthur Blvd.,Bourne,MA,2532,USA,508-759-9500,508-759-5349,APinvoices@onsetcomp.com,41.7103799,-70.585011,"470 MacArthur Blvd, Bourne, MA 02532, USA"
169,PER003,$453.70 ,$0.00 ,$0.00 ,$453.70 ,TP,Mac Kern,TR10,PERTECH INDUSTRIES INC,860 COLLEGE VIEW DRIVE,RIVERTON,WY,82501,USA,307-856-4821,307-856-5020,LOU.STIMMEL@PERTECHINDUSTRIES.COM,43.0326534,-108.4219718,"860 College View Dr, Riverton, WY 82501, USA"
1018,PEN213,$451.30 ,$0.00 ,$451.30 ,$0.00 ,TP,JLundy,TR04,PENN STATE UNIVERSITY,"Barbara Baker, RM C4864",Hershey,PA,17033,USA,717-531-6228,,BBAKER7@PENNSTATEHEALTH.PSU.EDU,40.2713328,-76.6297189,"Hershey, PA 17033, USA"
1088,ZIP100,$450.00 ,$450.00 ,$0.00 ,$0.00 ,B10,Jlundy,TR04,ZIPPO MANUFACTURING,33 BARBOUR ST,BRADFORD,PA,16701,USA,,,,41.9561071,-78.652728,"33 Barbour St, Bradford, PA 16701, USA"
1389,WAR001,$450.00 ,$450.00 ,$0.00 ,$0.00 ,TP,Jlundy,TR04,WARING PRODUCTS (A DIVISION OF CONAIR CORP),314 ELLA T. GRASSO AVE,TORRINGTON,CT,6790,USA,(860) 496-3100,,accounts_payable@conair.com,41.868458,-73.0720428,"314 Ella Grasso Ave, Torrington, CT 06790, USA"
1562,LEE120,$450.00 ,$0.00 ,$0.00 ,$450.00 ,TP,Jlundy,TR04,"LEE CONCEPTS, LLC",124 KIRKWOOD DRIVE,EAST AURORA,NEW YORK,14052,USA,,,roger.bantle@lee-concepts.com,42.7763394,-78.6160499,"124 Kirkwood Dr, East Aurora, NY 14052, USA"
1923,LAS001,$450.00 ,$450.00 ,$0.00 ,$0.00 ,TP,Mac Kern,TR10,LASER COMPONENTS DG,2277 N Nevada St,Chandler,AZ,85225,USA,,,cbrown@laser-components.com,33.3392996,-111.8350831,"2277 N Nevada St, Chandler, AZ 85225, USA"
2027,PEL001,$450.00 ,$0.00 ,$0.00 ,$450.00 ,TP,Mac Kern,TR04,PELOTON INTERACTIVE INC,13975 Blaisdell Pl,Poway,CA,92064,USA,,,invoices@onepeloton.com,32.9400657,-117.0306114,"13975 Blaisdell Pl, Poway, CA 92064, USA"
